{
  "exchange_rate": {
    "mean": 51.69483477585551,
    "std": 25.03199945830815
  },
  "gdp_growth": {
    "mean": 4.3690463792581955,
    "std": 1.8141358502441787
  },
  "unemployment": {
    "mean": 5.745264171821906,
    "std": 1.4932099011182582
  },
  "broad_money": {
    "mean": 3261.5271714861283,
    "std": 3529.6796241005427
  },
  "exports": {
    "mean": 14.622072780168597,
    "std": 8.398614989474778
  },
  "imports": {
    "mean": 20.961171019177016,
    "std": 14.743830782880908
  },
  "oil_rents": {
    "mean": 0.6722062278494955,
    "std": 0.25736307757294064
  },
  "remittances": {
    "mean": 4.5546796307175095,
    "std": 4.3269651677423075
  },
  "inflation_lag1": {
    "mean": 8.8146305896352,
    "std": 3.7922655951234825
  },
  "inflation_lag2": {
    "mean": 8.801904452937952,
    "std": 3.803991745080231
  },
  "inflation_lag3": {
    "mean": 8.789622904254603,
    "std": 3.8144535922589915
  },
  "inflation": {
    "mean": 8.827686218192808,
    "std": 3.779941533237488
  }
}